OBJECTID,ID_0,ISO,Country,NAME_1,NAME_2,Cons_name
1,163,NGA,Nigeria,Abia,Aba North,Aba North/South
2,163,NGA,Nigeria,Abia,Aba South,Aba North/South
3,163,NGA,Nigeria,Abia,Arochukw,Arochukwu/Ohafia
4,163,NGA,Nigeria,Abia,Bende,Bende
5,163,NGA,Nigeria,Abia,Ikwuano,Umuahia North/Umuahia South/Ikwuano
6,163,NGA,Nigeria,Abia,Isiala Ngwa North,Isiala Ngwa North/Isiala Ngwa South
7,163,NGA,Nigeria,Abia,Isiala Ngwa South,Isiala Ngwa North/Isiala Ngwa South
8,163,NGA,Nigeria,Abia,Isuikwua,Isuikwua/Umu-Nneochi
9,163,NGA,Nigeria,Abia,Oboma Ngwa,Obingwa/Ugwunagbo/Osisioma
10,163,NGA,Nigeria,Abia,Ohafia Abia,Arochukwu/Ohafia
11,163,NGA,Nigeria,Abia,Osisioma Ngwa,Obingwa/Ugwunagbo/Osisioma
12,163,NGA,Nigeria,Abia,Ugwunagbo,Obingwa/Ugwunagbo/Osisioma
13,163,NGA,Nigeria,Abia,Ukwa East,Ukwa East/Ukwa West
14,163,NGA,Nigeria,Abia,Ukwa West,Ukwa East/Ukwa West
15,163,NGA,Nigeria,Abia,Umu-Nneochi,Isuikwua/Umu-Nneochi
16,163,NGA,Nigeria,Abia,Umuahia North,Umuahia North/Umuahia South/Ikwuano
17,163,NGA,Nigeria,Abia,Umuahia South,Umuahia North/Umuahia South/Ikwuano
18,163,NGA,Nigeria,Adamawa,Demsa,Demsa/Numan/Lamurde
19,163,NGA,Nigeria,Adamawa,Fufore,Furore/Song
20,163,NGA,Nigeria,Adamawa,Ganye,Mayo Belwa/Ganye/Jada/Toungo
21,163,NGA,Nigeria,Adamawa,Girie,Yola North/Yola South/Girei
22,163,NGA,Nigeria,Adamawa,Gombi,Gombi/Hong
23,163,NGA,Nigeria,Adamawa,Guyuk,Guyuk/Shelleng
24,163,NGA,Nigeria,Adamawa,Hong,Gombi/Hong
25,163,NGA,Nigeria,Adamawa,Jada,Mayo Belwa/Ganye/Jada/Toungo
26,163,NGA,Nigeria,Adamawa,Lamurde,Demsa/Numan/Lamurde
27,163,NGA,Nigeria,Adamawa,Madagali,Madagali/Michika
28,163,NGA,Nigeria,Adamawa,Maiha,Maiha/Mubi North/Mubi South
29,163,NGA,Nigeria,Adamawa,Mayo-Bel,Mayo Belwa/Ganye/Jada/Toungo
30,163,NGA,Nigeria,Adamawa,Michika,Madagali/Michika
31,163,NGA,Nigeria,Adamawa,Mubi North,Maiha/Mubi North/Mubi South
32,163,NGA,Nigeria,Adamawa,Mubi South,Maiha/Mubi North/Mubi South
33,163,NGA,Nigeria,Adamawa,Numan,Demsa/Numan/Lamurde
34,163,NGA,Nigeria,Adamawa,Shelleng,Guyuk/Shelleng
35,163,NGA,Nigeria,Adamawa,Song,Furore/Song
36,163,NGA,Nigeria,Adamawa,Teungo,Mayo Belwa/Ganye/Jada/Toungo
37,163,NGA,Nigeria,Adamawa,Yola North,Yola North/Yola South/Girei
38,163,NGA,Nigeria,Adamawa,Yola South,Yola North/Yola South/Girei
39,163,NGA,Nigeria,Akwa Ibom,Abak,Abak/Etim Ekpo/Ika
40,163,NGA,Nigeria,Akwa Ibom,Eastern Obolo,Ikot Abasi/Mkpat Enin/Eastern Obolo
41,163,NGA,Nigeria,Akwa Ibom,Eket,Eket/Onna/Esit Eket/Ibeno
42,163,NGA,Nigeria,Akwa Ibom,Esit Eket,Eket/Onna/Esit Eket/Ibeno
43,163,NGA,Nigeria,Akwa Ibom,Essien-U,Ikot Ekpene/ Essien Udim/ Obot Akara
44,163,NGA,Nigeria,Akwa Ibom,EtimEkpo,Abak/Etim Ekpo/Ika
45,163,NGA,Nigeria,Akwa Ibom,Etinan,Etinan/Nsit Ibom/Nsit Ubium
46,163,NGA,Nigeria,Akwa Ibom,Ibeno,Eket/Onna/Esit Eket/Ibeno
47,163,NGA,Nigeria,Akwa Ibom,Ibesikpo Asutan,Uyo/Uruan/Nsit Ata/Ibeskip Asutan
48,163,NGA,Nigeria,Akwa Ibom,Ibiono Ibom,Itu/Ibiono Ibom
49,163,NGA,Nigeria,Akwa Ibom,Ika,Abak/Etim Ekpo/Ika
50,163,NGA,Nigeria,Akwa Ibom,Ikono,Ikono/ Ini
51,163,NGA,Nigeria,Akwa Ibom,Ikot-Aba,Ikot Abasi/Mkpat Enin/Eastern Obolo
52,163,NGA,Nigeria,Akwa Ibom,Ikot-Ekp,Ikot Ekpene/ Essien Udim/ Obot Akara
53,163,NGA,Nigeria,Akwa Ibom,Ini,Ikono/ Ini
54,163,NGA,Nigeria,Akwa Ibom,Itu,Itu/Ibiono Ibom
55,163,NGA,Nigeria,Akwa Ibom,Mbo,Oron/Mbo/Okobo/UrueOffong/Oruko/Udung-Uko
56,163,NGA,Nigeria,Akwa Ibom,Mkpat Enin,Ikot Abasi/Mkpat Enin/Eastern Obolo
57,163,NGA,Nigeria,Akwa Ibom,Nsit Atai,Uyo/Uruan/Nsit Ata/Ibeskip Asutan
58,163,NGA,Nigeria,Akwa Ibom,Nsit Ibom,Etinan/Nsit Ibom/Nsit Ubium
59,163,NGA,Nigeria,Akwa Ibom,Nsit Ubium,Etinan/Nsit Ibom/Nsit Ubium
60,163,NGA,Nigeria,Akwa Ibom,Obot Akara,Ikot Ekpene/ Essien Udim/ Obot Akara
61,163,NGA,Nigeria,Akwa Ibom,Okobo,Oron/Mbo/Okobo/UrueOffong/Oruko/Udung-Uko
62,163,NGA,Nigeria,Akwa Ibom,Onna,Eket/Onna/Esit Eket/Ibeno
63,163,NGA,Nigeria,Akwa Ibom,Oron,Oron/Mbo/Okobo/UrueOffong/Oruko/Udung-Uko
64,163,NGA,Nigeria,Akwa Ibom,Oruk-Ana,Ukanafun/Orukanam
65,163,NGA,Nigeria,Akwa Ibom,Udung Uko,Oron/Mbo/Okobo/UrueOffong/Oruko/Udung-Uko
66,163,NGA,Nigeria,Akwa Ibom,Ukanafun,Ukanafun/Orukanam
67,163,NGA,Nigeria,Akwa Ibom,Uruan,Uyo/Uruan/Nsit Ata/Ibeskip Asutan
68,163,NGA,Nigeria,Akwa Ibom,UrueOffo,Oron/Mbo/Okobo/UrueOffong/Oruko/Udung-Uko
69,163,NGA,Nigeria,Akwa Ibom,Uyo,Uyo/Uruan/Nsit Ata/Ibeskip Asutan
70,163,NGA,Nigeria,Anambra,Aguata,Aguata
71,163,NGA,Nigeria,Anambra,Anambra East,Anambra East/West
72,163,NGA,Nigeria,Anambra,Anambra West,Anambra East/West
73,163,NGA,Nigeria,Anambra,Anaocha,Njikoka/Dunukopfia/Anaocha
74,163,NGA,Nigeria,Anambra,AwkaNort,Awka North/South
75,163,NGA,Nigeria,Anambra,AwkaSout,Awka North/South
76,163,NGA,Nigeria,Anambra,Ayamelum,Oyi/Ayamelum
77,163,NGA,Nigeria,Anambra,Dunukofia,Njikoka/Dunukopfia/Anaocha
78,163,NGA,Nigeria,Anambra,Ekwusigo,Nnewi North/South/Ekwusigo
79,163,NGA,Nigeria,Anambra,Idemili North,Idemili North/South
80,163,NGA,Nigeria,Anambra,Idemili South,Idemili North/South
81,163,NGA,Nigeria,Anambra,Ihiala,Ihiala
82,163,NGA,Nigeria,Anambra,Njikoka,Njikoka/Dunukopfia/Anaocha
83,163,NGA,Nigeria,Anambra,NnewiNort,Nnewi North/South/Ekwusigo
84,163,NGA,Nigeria,Anambra,NnewiSou,Nnewi North/South/Ekwusigo
85,163,NGA,Nigeria,Anambra,Ogbaru,Ogbaru
86,163,NGA,Nigeria,Anambra,Onitsha North,Onitsha North/Onitsha South
87,163,NGA,Nigeria,Anambra,Onitsha South,Onitsha North/Onitsha South
88,163,NGA,Nigeria,Anambra,OrumbaNo,Orumba North/Orumba South
89,163,NGA,Nigeria,Anambra,OrumbaSo,Orumba North/Orumba South
90,163,NGA,Nigeria,Anambra,Oyi,Oyi/Ayamelum
91,163,NGA,Nigeria,Bauchi,Alkaleri,Alkaleri/Kirfi
92,163,NGA,Nigeria,Bauchi,Bauchi,Bauchi
93,163,NGA,Nigeria,Bauchi,Bogoro,Bogoro/Dass/Tafawa Balewa
94,163,NGA,Nigeria,Bauchi,Damban,Misau/Dambam
95,163,NGA,Nigeria,Bauchi,Darazo,Darazo/Gunjuwa
96,163,NGA,Nigeria,Bauchi,Dass,Bogoro/Dass/Tafawa Balewa
97,163,NGA,Nigeria,Bauchi,Gamawa,Gamawa
98,163,NGA,Nigeria,Bauchi,Gamjuwa,Darazo/Gunjuwa
99,163,NGA,Nigeria,Bauchi,Giade,Shira/Giade
100,163,NGA,Nigeria,Bauchi,Itas/Gad,Jama�are/Itas-Gadau
101,163,NGA,Nigeria,Bauchi,Jama'are,Jama�are/Itas-Gadau
102,163,NGA,Nigeria,Bauchi,Katagum,Katagum
103,163,NGA,Nigeria,Bauchi,Kirfi,Alkaleri/Kirfi
104,163,NGA,Nigeria,Bauchi,Misau,Misau/Dambam
105,163,NGA,Nigeria,Bauchi,Ningi,Ningi/Warji
106,163,NGA,Nigeria,Bauchi,Shira,Shira/Giade
107,163,NGA,Nigeria,Bauchi,Tafawa-B,Bogoro/Dass/Tafawa Balewa
108,163,NGA,Nigeria,Bauchi,Toro,Toro
109,163,NGA,Nigeria,Bauchi,Warji,Ningi/Warji
110,163,NGA,Nigeria,Bauchi,Zaki,Zaki
111,163,NGA,Nigeria,Bayelsa,Brass,Brass/Nembe
112,163,NGA,Nigeria,Bayelsa,Ekeremor,Sagbama/Ekeremor
113,163,NGA,Nigeria,Bayelsa,Kolokuma/Opokuma,Yenagoa/Kolokuna/Opokuma
114,163,NGA,Nigeria,Bayelsa,Nembe,Brass/Nembe
115,163,NGA,Nigeria,Bayelsa,Ogbia,Ogbia
116,163,NGA,Nigeria,Bayelsa,Sagbama,Sagbama/Ekeremor
117,163,NGA,Nigeria,Bayelsa,Southern Ijaw,Southern Ijaw
118,163,NGA,Nigeria,Bayelsa,Yenegoa,Yenagoa/Kolokuna/Opokuma
119,163,NGA,Nigeria,Benue,Ado,Ado/Obadigbo/Opkokwu
120,163,NGA,Nigeria,Benue,Agatu,Apa/Agatu
121,163,NGA,Nigeria,Benue,Apa,Apa/Agatu
122,163,NGA,Nigeria,Benue,Buruku,Buruku
123,163,NGA,Nigeria,Benue,Gboko,Gboko/Tarka
124,163,NGA,Nigeria,Benue,Guma,Guma/Makurdi
125,163,NGA,Nigeria,Benue,Gwer East,Gwer East/Gwer West
126,163,NGA,Nigeria,Benue,GwerWest,Gwer East/Gwer West
127,163,NGA,Nigeria,Benue,Katsina (Benue),Katsina-Ala/Ukum/Logo
128,163,NGA,Nigeria,Benue,Konshish,Konshisha/Vandeikya
129,163,NGA,Nigeria,Benue,Kwande,Kwande/Ushongo
130,163,NGA,Nigeria,Benue,Logo,Katsina-Ala/Ukum/Logo
131,163,NGA,Nigeria,Benue,Makurdi,Guma/Makurdi
132,163,NGA,Nigeria,Benue,Obi,Oju/Obi
133,163,NGA,Nigeria,Benue,Ogbadibo,Ado/Obadigbo/Opkokwu
134,163,NGA,Nigeria,Benue,Ohimini,Otukpo/Ohimini
135,163,NGA,Nigeria,Benue,Oju,Oju/Obi
136,163,NGA,Nigeria,Benue,Okpokwu,Ado/Obadigbo/Opkokwu
137,163,NGA,Nigeria,Benue,Oturkpo,Otukpo/Ohimini
138,163,NGA,Nigeria,Benue,Tarka,Gboko/Tarka
139,163,NGA,Nigeria,Benue,Ukum,Katsina-Ala/Ukum/Logo
140,163,NGA,Nigeria,Benue,Ushongo,Kwande/Ushongo
141,163,NGA,Nigeria,Benue,Vandeiky,Konshisha/Vandeikya
142,163,NGA,Nigeria,Borno,Abadam,Kukawa/Mobbar/Abadam/Guzamali
143,163,NGA,Nigeria,Borno,Askira/U,Askira-Uba/Hawul
144,163,NGA,Nigeria,Borno,Bama,Bama/Ngala/Kalabalge
145,163,NGA,Nigeria,Borno,Bayo,Biu/Bayo/Shani/Kwaya Kusar
146,163,NGA,Nigeria,Borno,Biu,Biu/Bayo/Shani/Kwaya Kusar
147,163,NGA,Nigeria,Borno,Chibok,Damboa/Gwoza/Chibok
148,163,NGA,Nigeria,Borno,Damboa,Damboa/Gwoza/Chibok
149,163,NGA,Nigeria,Borno,Dikwa,Dikwa/Mafa/Konduga
150,163,NGA,Nigeria,Borno,Gubio,Kaga/Gubio/Magumeri
151,163,NGA,Nigeria,Borno,Guzamala,Kukawa/Mobbar/Abadam/Guzamali
152,163,NGA,Nigeria,Borno,Gwoza,Damboa/Gwoza/Chibok
153,163,NGA,Nigeria,Borno,Hawul,Askira-Uba/Hawul
154,163,NGA,Nigeria,Borno,Jere,Jere
155,163,NGA,Nigeria,Borno,Kaga,Kaga/Gubio/Magumeri
156,163,NGA,Nigeria,Borno,Kala/Balge,Bama/Ngala/Kalabalge
157,163,NGA,Nigeria,Borno,Konduga,Dikwa/Mafa/Konduga
158,163,NGA,Nigeria,Borno,Kukawa,Kukawa/Mobbar/Abadam/Guzamali
159,163,NGA,Nigeria,Borno,Kwaya Kusar,Biu/Bayo/Shani/Kwaya Kusar
160,163,NGA,Nigeria,Borno,Lake Chad,
161,163,NGA,Nigeria,Borno,Mafa,Dikwa/Mafa/Konduga
162,163,NGA,Nigeria,Borno,Magumeri,Kaga/Gubio/Magumeri
163,163,NGA,Nigeria,Borno,Maidugur,Maiduguri
164,163,NGA,Nigeria,Borno,Marte,Monguno/Nganzai/Marte
165,163,NGA,Nigeria,Borno,Mobbar,Kukawa/Mobbar/Abadam/Guzamali
166,163,NGA,Nigeria,Borno,Monguno,Monguno/Nganzai/Marte
167,163,NGA,Nigeria,Borno,Ngala,Bama/Ngala/Kalabalge
168,163,NGA,Nigeria,Borno,Nganzai,Monguno/Nganzai/Marte
169,163,NGA,Nigeria,Borno,Shani,Biu/Bayo/Shani/Kwaya Kusar
170,163,NGA,Nigeria,Cross River,Abi,Yakurr/Abi
171,163,NGA,Nigeria,Cross River,Akamkpa,Akamkpa/Biase
172,163,NGA,Nigeria,Cross River,Akpabuyo,Calabar South/Akpabuyo/Bakassi
173,163,NGA,Nigeria,Cross River,Bakassi,Calabar South/Akpabuyo/Bakassi
174,163,NGA,Nigeria,Cross River,Bekwarra,Obanliku/Obudu/Bekwarra
175,163,NGA,Nigeria,Cross River,Biase,Akamkpa/Biase
176,163,NGA,Nigeria,Cross River,Boki,Boki/Ikom
177,163,NGA,Nigeria,Cross River,Calabar South,Calabar South/Akpabuyo/Bakassi
178,163,NGA,Nigeria,Cross River,Calabar,Calabar Munincipal/Odukpani
179,163,NGA,Nigeria,Cross River,Etung,Obubra/Etung
180,163,NGA,Nigeria,Cross River,Ikom,Boki/Ikom
181,163,NGA,Nigeria,Cross River,Obanliku,Obanliku/Obudu/Bekwarra
182,163,NGA,Nigeria,Cross River,Obubra,Obubra/Etung
183,163,NGA,Nigeria,Cross River,Obudu,Obanliku/Obudu/Bekwarra
184,163,NGA,Nigeria,Cross River,Odukpani,Calabar Munincipal/Odukpani
185,163,NGA,Nigeria,Cross River,Ogoja,Ogoja/Yala
186,163,NGA,Nigeria,Cross River,Yakurr,Yakurr/Abi
187,163,NGA,Nigeria,Cross River,Yala Cross,Ogoja/Yala
188,163,NGA,Nigeria,Delta,AniochaN,Aniocha North/Aniocha South/ Oshimili N & S
189,163,NGA,Nigeria,Delta,AniochaS,Aniocha North/Aniocha South/ Oshimili N & S
190,163,NGA,Nigeria,Delta,Bomadi,Bomadi/Patani
191,163,NGA,Nigeria,Delta,Burutu,Burutu
192,163,NGA,Nigeria,Delta,Ethiope West,Ethiope East/Ethiope West
193,163,NGA,Nigeria,Delta,EthiopeE,Ethiope East/Ethiope West
194,163,NGA,Nigeria,Delta,IkaNorth,Ika North/Ika South
195,163,NGA,Nigeria,Delta,IkaSouth,Ika North/Ika South
196,163,NGA,Nigeria,Delta,IsokoNor,Isoko North/Isoko South
197,163,NGA,Nigeria,Delta,IsokoSou,Isoko North/Isoko South
198,163,NGA,Nigeria,Delta,Ndokwa East,Nkokwa East/Nkokwa West/Ukwuani
199,163,NGA,Nigeria,Delta,Ndokwa West,Nkokwa East/Nkokwa West/Ukwuani
200,163,NGA,Nigeria,Delta,Okpe,Okpe/Sapele/Uvwie
201,163,NGA,Nigeria,Delta,Oshimili North,Aniocha North/Aniocha South/ Oshimili N & S
202,163,NGA,Nigeria,Delta,Oshimili South,Aniocha North/Aniocha South/ Oshimili N & S
203,163,NGA,Nigeria,Delta,Patani,Bomadi/Patani
204,163,NGA,Nigeria,Delta,Sapele,Okpe/Sapele/Uvwie
205,163,NGA,Nigeria,Delta,Udu,Ughelli North/Ughelli South/Udu
206,163,NGA,Nigeria,Delta,Ughelli North,Ughelli North/Ughelli South/Udu
207,163,NGA,Nigeria,Delta,Ughelli South,Ughelli North/Ughelli South/Udu
208,163,NGA,Nigeria,Delta,Ukwuani,Nkokwa East/Nkokwa West/Ukwuani
209,163,NGA,Nigeria,Delta,Uvwie,Okpe/Sapele/Uvwie
210,163,NGA,Nigeria,Delta,Warri North,Warri North/Warri South/Warri South West
211,163,NGA,Nigeria,Delta,Warri South-West,Warri North/Warri South/Warri South West
212,163,NGA,Nigeria,Delta,Warri South,Warri North/Warri South/Warri South West
213,163,NGA,Nigeria,Ebonyi,Abakalik,Abakaliki/Izzi
214,163,NGA,Nigeria,Ebonyi,Afikpo,Afikpo North/Afikpo South
215,163,NGA,Nigeria,Ebonyi,AfikpoSo,Afikpo North/Afikpo South
216,163,NGA,Nigeria,Ebonyi,Ebonyi,Ebonyi/Ohaukwu
217,163,NGA,Nigeria,Ebonyi,Ezza North,Ezza North/Ishielu
218,163,NGA,Nigeria,Ebonyi,Ezza South,Ezza South/Ikwo
219,163,NGA,Nigeria,Ebonyi,Ikwo,Ezza South/Ikwo
220,163,NGA,Nigeria,Ebonyi,Ishielu,Ezza North/Ishielu
221,163,NGA,Nigeria,Ebonyi,Ivo,Ivo-Ohaozara/Onicha
222,163,NGA,Nigeria,Ebonyi,Izzi,Abakaliki/Izzi
223,163,NGA,Nigeria,Ebonyi,Ohaozara,Ivo-Ohaozara/Onicha
224,163,NGA,Nigeria,Ebonyi,Ohaukwu,Ebonyi/Ohaukwu
225,163,NGA,Nigeria,Ebonyi,Onicha,Ivo-Ohaozara/Onicha
226,163,NGA,Nigeria,Edo,Akoko-Ed,Akoko-Edo
227,163,NGA,Nigeria,Edo,Egor,Egor/Ikpoba-okha
228,163,NGA,Nigeria,Edo,EsanCent,Esan Central/Esan South/Igueben
229,163,NGA,Nigeria,Edo,EsanNort,Esan North East/Esan South East
230,163,NGA,Nigeria,Edo,EsanSout,Esan North East/Esan South East
231,163,NGA,Nigeria,Edo,EsanWest,Esan Central/Esan South/Igueben
232,163,NGA,Nigeria,Edo,Etsako Central,Etsako East/Etsako West/Etsako Central
233,163,NGA,Nigeria,Edo,EtsakoEa,Etsako East/Etsako West/Etsako Central
234,163,NGA,Nigeria,Edo,EtsakoWe,Etsako East/Etsako West/Etsako Central
235,163,NGA,Nigeria,Edo,Igueben,Esan Central/Esan South/Igueben
236,163,NGA,Nigeria,Edo,Ikpoba-Okha,Egor/Ikpoba-okha
237,163,NGA,Nigeria,Edo,Oredo Edo,Oredo
238,163,NGA,Nigeria,Edo,Orhionmw,Orhionmwon/Uhunmwonde
239,163,NGA,Nigeria,Edo,OviaNort,Ovia North East/Ovia South West
240,163,NGA,Nigeria,Edo,OviaSouth-West,Ovia North East/Ovia South West
241,163,NGA,Nigeria,Edo,Owan East,Owan East/Owan West
242,163,NGA,Nigeria,Edo,OwanWest,Owan East/Owan West
243,163,NGA,Nigeria,Edo,Uhunmwonde,Orhionmwon/Uhunmwonde
244,163,NGA,Nigeria,Ekiti,Ado-Ekiti,Ado Ekiti/Irepodun-Ifelodun
245,163,NGA,Nigeria,Ekiti,Efon,Ijero/Ekiti West/Efon
246,163,NGA,Nigeria,Ekiti,EkitiEas,Emure/Gbonyin/Ekiti East
247,163,NGA,Nigeria,Ekiti,EkitiSouth-West,Ekiti South West/Ikere/Ise/Orun
248,163,NGA,Nigeria,Ekiti,EkitiWest,Ijero/Ekiti West/Efon
249,163,NGA,Nigeria,Ekiti,Emure/Ise/Orun,Emure/Gbonyin/Ekiti East
250,163,NGA,Nigeria,Ekiti,Gboyin,Emure/Gbonyin/Ekiti East
251,163,NGA,Nigeria,Ekiti,Ido/Osi,Ido-Osi/Moba/Ilejeme
252,163,NGA,Nigeria,Ekiti,Ijero,Ijero/Ekiti West/Efon
253,163,NGA,Nigeria,Ekiti,Ikere,Ekiti South West/Ikere/Ise/Orun
254,163,NGA,Nigeria,Ekiti,Ikole,Ikolo/Oye
255,163,NGA,Nigeria,Ekiti,Ilejemeje,Ido-Osi/Moba/Ilejeme
256,163,NGA,Nigeria,Ekiti,Irepodun/Ifelodun,Ado Ekiti/Irepodun-Ifelodun
257,163,NGA,Nigeria,Ekiti,Ise/Orun,Ekiti South West/Ikere/Ise/Orun
258,163,NGA,Nigeria,Ekiti,Moba,Ido-Osi/Moba/Ilejeme
259,163,NGA,Nigeria,Ekiti,Oye,Ikolo/Oye
260,163,NGA,Nigeria,Enugu,Aninri,Aninri/Awgu/Oji River
261,163,NGA,Nigeria,Enugu,Awgu,Aninri/Awgu/Oji River
262,163,NGA,Nigeria,Enugu,Enugu East,Enugu East/Isi-Uzo
263,163,NGA,Nigeria,Enugu,Enugu North,Enugu North/Enugu South
264,163,NGA,Nigeria,Enugu,EnuguSou,Enugu North/Enugu South
265,163,NGA,Nigeria,Enugu,Ezeagu,Ezeagu/Udi
266,163,NGA,Nigeria,Enugu,Igbo-Eti,Igbo-Etiti/Uzo-Uwani
267,163,NGA,Nigeria,Enugu,Igbo-eze North,Igbo-Eze North/Udenu
268,163,NGA,Nigeria,Enugu,Igbo-eze South,Nsukka/Igbo-Eze South
269,163,NGA,Nigeria,Enugu,Isi-Uzo,Enugu East/Isi-Uzo
270,163,NGA,Nigeria,Enugu,Nkanu East,Nkanu East/Nkanu West
271,163,NGA,Nigeria,Enugu,Nkanu West,Nkanu East/Nkanu West
272,163,NGA,Nigeria,Enugu,Nsukka,Nsukka/Igbo-Eze South
273,163,NGA,Nigeria,Enugu,Oji-River,Aninri/Awgu/Oji River
274,163,NGA,Nigeria,Enugu,Udenu,Igbo-Eze North/Udenu
275,163,NGA,Nigeria,Enugu,Udi,Ezeagu/Udi
276,163,NGA,Nigeria,Enugu,Uzo-Uwani,Igbo-Etiti/Uzo-Uwani
277,163,NGA,Nigeria,Federal Capital Territory,Abaji,Kuje/Abaji/Gwagwalada/Kwali
278,163,NGA,Nigeria,Federal Capital Territory,AbujaMun,Abuja Municipal/Bwari
279,163,NGA,Nigeria,Federal Capital Territory,Bwari,Abuja Municipal/Bwari
280,163,NGA,Nigeria,Federal Capital Territory,Gwagwala,Kuje/Abaji/Gwagwalada/Kwali
281,163,NGA,Nigeria,Federal Capital Territory,Kuje,Kuje/Abaji/Gwagwalada/Kwali
282,163,NGA,Nigeria,Federal Capital Territory,Kwali,Kuje/Abaji/Gwagwalada/Kwali
283,163,NGA,Nigeria,Gombe,Akko,Akko
284,163,NGA,Nigeria,Gombe,Balanga,Balanga/Billiri
285,163,NGA,Nigeria,Gombe,Billiri,Balanga/Billiri
286,163,NGA,Nigeria,Gombe,Dukku,Dukku/Nafada
287,163,NGA,Nigeria,Gombe,Funakaye,Gombe/Kwami/Funakaye
288,163,NGA,Nigeria,Gombe,Gombe,Gombe/Kwami/Funakaye
289,163,NGA,Nigeria,Gombe,Kaltungo,Kaltungo/Shongom
290,163,NGA,Nigeria,Gombe,Kwami,Gombe/Kwami/Funakaye
291,163,NGA,Nigeria,Gombe,Nafada,Dukku/Nafada
292,163,NGA,Nigeria,Gombe,Shomgom,Kaltungo/Shongom
293,163,NGA,Nigeria,Gombe,Yamaltu,Yamaltu-Deba
294,163,NGA,Nigeria,Imo,Aboh-Mba,Aboh Mbaise/Ngor Okpala
295,163,NGA,Nigeria,Imo,Ahizu-Mb,Ahiazu Mbaise/Ezinihitte
296,163,NGA,Nigeria,Imo,Ehime-Mb,Ehime Mbano/Ihite-Uboma/Obowo
297,163,NGA,Nigeria,Imo,Ezinihit,Ahiazu Mbaise/Ezinihitte
298,163,NGA,Nigeria,Imo,Ideato South,Ideato North/Ideato South
299,163,NGA,Nigeria,Imo,IdeatoNo,Ideato North/Ideato South
300,163,NGA,Nigeria,Imo,Ihitte/U,Ehime Mbano/Ihite-Uboma/Obowo
301,163,NGA,Nigeria,Imo,Ikeduru,Ikeduru/Mbaitoli
302,163,NGA,Nigeria,Imo,IsialaMb,Isiala Mbano/Okigwe/Onuimo
303,163,NGA,Nigeria,Imo,Isu,Isu/Njaba/Nkwerre/Nwangele
304,163,NGA,Nigeria,Imo,Mbaitoli,Ikeduru/Mbaitoli
305,163,NGA,Nigeria,Imo,Ngor-Okp,Aboh Mbaise/Ngor Okpala
306,163,NGA,Nigeria,Imo,Njaba,Isu/Njaba/Nkwerre/Nwangele
307,163,NGA,Nigeria,Imo,Nkwerre,Isu/Njaba/Nkwerre/Nwangele
308,163,NGA,Nigeria,Imo,Nwangele,Isu/Njaba/Nkwerre/Nwangele
309,163,NGA,Nigeria,Imo,Obowo,Ehime Mbano/Ihite-Uboma/Obowo
310,163,NGA,Nigeria,Imo,Oguta,Oguta/Ohaji-Egbema/Oru West
311,163,NGA,Nigeria,Imo,Ohaji/Eg,Oguta/Ohaji-Egbema/Oru West
312,163,NGA,Nigeria,Imo,Okigwe,Isiala Mbano/Okigwe/Onuimo
313,163,NGA,Nigeria,Imo,Orlu,Oru East/Orsu/Orlu
314,163,NGA,Nigeria,Imo,Orsu,Oru East/Orsu/Orlu
315,163,NGA,Nigeria,Imo,Oru East,Oru East/Orsu/Orlu
316,163,NGA,Nigeria,Imo,Oru West,Oguta/Ohaji-Egbema/Oru West
317,163,NGA,Nigeria,Imo,Owerri Municipal,Owerri Municipal/Owerri North/Owerri West
318,163,NGA,Nigeria,Imo,Owerri North,Owerri Municipal/Owerri North/Owerri West
319,163,NGA,Nigeria,Imo,Owerri West,Owerri Municipal/Owerri North/Owerri West
320,163,NGA,Nigeria,Imo,Unuimo,Isiala Mbano/Okigwe/Onuimo
321,163,NGA,Nigeria,Jigawa,Auyo,Hadejia/Kafin Hausa/Auyo
322,163,NGA,Nigeria,Jigawa,Babura,Babura/Garki
323,163,NGA,Nigeria,Jigawa,Biriniwa,Birniwa/Guri/Kirikasamma
324,163,NGA,Nigeria,Jigawa,BirninKu,Birnin Kudu/Buji
325,163,NGA,Nigeria,Jigawa,Buji,Birnin Kudu/Buji
326,163,NGA,Nigeria,Jigawa,Dutse,Dutse/Kiyawa
327,163,NGA,Nigeria,Jigawa,Gagarawa,Gumel/Maigatari/Sule Tankarkar/Gagarawa
328,163,NGA,Nigeria,Jigawa,Garki,Babura/Garki
329,163,NGA,Nigeria,Jigawa,Gumel,Gumel/Maigatari/Sule Tankarkar/Gagarawa
330,163,NGA,Nigeria,Jigawa,Guri,Birniwa/Guri/Kirikasamma
331,163,NGA,Nigeria,Jigawa,Gwaram,Gwaram
332,163,NGA,Nigeria,Jigawa,Gwiwa,Kazaure/Roni/Gwiwa/Yankwash
333,163,NGA,Nigeria,Jigawa,Hadejia,Hadejia/Kafin Hausa/Auyo
334,163,NGA,Nigeria,Jigawa,Jahun,Jahun/Miga
335,163,NGA,Nigeria,Jigawa,KafinHau,Hadejia/Kafin Hausa/Auyo
336,163,NGA,Nigeria,Jigawa,Kaugama,Mallam Madori/Kaugama
337,163,NGA,Nigeria,Jigawa,Kazaure,Kazaure/Roni/Gwiwa/Yankwash
338,163,NGA,Nigeria,Jigawa,KiriKasa,Birniwa/Guri/Kirikasamma
339,163,NGA,Nigeria,Jigawa,Kiyawa,Dutse/Kiyawa
340,163,NGA,Nigeria,Jigawa,Maigatari,Gumel/Maigatari/Sule Tankarkar/Gagarawa
341,163,NGA,Nigeria,Jigawa,MalamMad,Mallam Madori/Kaugama
342,163,NGA,Nigeria,Jigawa,Miga,Jahun/Miga
343,163,NGA,Nigeria,Jigawa,Ringim,Ringim/Taura
344,163,NGA,Nigeria,Jigawa,Roni,Kazaure/Roni/Gwiwa/Yankwash
345,163,NGA,Nigeria,Jigawa,Sule-Tan,Gumel/Maigatari/Sule Tankarkar/Gagarawa
346,163,NGA,Nigeria,Jigawa,Taura,Ringim/Taura
347,163,NGA,Nigeria,Jigawa,Yankwashi,Kazaure/Roni/Gwiwa/Yankwash
348,163,NGA,Nigeria,Kaduna,Birnin-G,Birnin Gwari/Giwa
349,163,NGA,Nigeria,Kaduna,Chikun,Chikum/Kajuru
350,163,NGA,Nigeria,Kaduna,Giwa,Birnin Gwari/Giwa
351,163,NGA,Nigeria,Kaduna,Igabi,Igabi
352,163,NGA,Nigeria,Kaduna,Ikara,Ikara/Kubau
353,163,NGA,Nigeria,Kaduna,Jaba,Zangon Kataf/Jaba
354,163,NGA,Nigeria,Kaduna,Jema'a,Jema'a/Sanga
355,163,NGA,Nigeria,Kaduna,Kachia,Kachia/Kagarko
356,163,NGA,Nigeria,Kaduna,Kaduna North,Kaduna North
357,163,NGA,Nigeria,Kaduna,Kaduna South,Kaduna South
358,163,NGA,Nigeria,Kaduna,Kagarko,Kachia/Kagarko
359,163,NGA,Nigeria,Kaduna,Kajuru,Chikum/Kajuru
360,163,NGA,Nigeria,Kaduna,Kaura,Kaura
361,163,NGA,Nigeria,Kaduna,Kauru,Kauru
362,163,NGA,Nigeria,Kaduna,Kubau,Ikara/Kubau
363,163,NGA,Nigeria,Kaduna,Kudan,Makarfi/Kudan
364,163,NGA,Nigeria,Kaduna,Lere,Lere
365,163,NGA,Nigeria,Kaduna,Makarfi,Makarfi/Kudan
366,163,NGA,Nigeria,Kaduna,Sabon-Ga,Sabon Gari
367,163,NGA,Nigeria,Kaduna,Sanga,Jema'a/Sanga
368,163,NGA,Nigeria,Kaduna,Soba,Soba
369,163,NGA,Nigeria,Kaduna,ZangonKa,Zangon Kataf/Jaba
370,163,NGA,Nigeria,Kaduna,Zaria,Zaria
371,163,NGA,Nigeria,Kano,Ajingi,Alabasu/Gaya/Ajingi
372,163,NGA,Nigeria,Kano,Albasu,Alabasu/Gaya/Ajingi
373,163,NGA,Nigeria,Kano,Bagwai,Shanono/Bagwai
374,163,NGA,Nigeria,Kano,Bebeji,Bebeji/Kiru
375,163,NGA,Nigeria,Kano,Bichi,Bichi
376,163,NGA,Nigeria,Kano,Bunkure,Rano/Bunkure/Kibiya
377,163,NGA,Nigeria,Kano,Dala,Dala
378,163,NGA,Nigeria,Kano,Dambatta,Dambatta/Makoda
379,163,NGA,Nigeria,Kano,DawakinK,Dawakin Kudu/Warawa
380,163,NGA,Nigeria,Kano,DawakinT,Dawakin Tofa/Tofa/Rimin Gado
381,163,NGA,Nigeria,Kano,Doguwa,Doguwa/Tudun Wada
382,163,NGA,Nigeria,Kano,Fagge,Fagge
383,163,NGA,Nigeria,Kano,Gabasawa,Gezawa/Gabasawa
384,163,NGA,Nigeria,Kano,Garko,Wudil/Garko
385,163,NGA,Nigeria,Kano,Garum Mallam,Kura/Madobi/Garun Malam
386,163,NGA,Nigeria,Kano,Gaya,Alabasu/Gaya/Ajingi
387,163,NGA,Nigeria,Kano,Gezawa,Gezawa/Gabasawa
388,163,NGA,Nigeria,Kano,Gwale,Gwale
389,163,NGA,Nigeria,Kano,Gwarzo,Gwarzo/Ikabo
390,163,NGA,Nigeria,Kano,Kabo,Gwarzo/Ikabo
391,163,NGA,Nigeria,Kano,Kano,Kano
392,163,NGA,Nigeria,Kano,Karaye,Karaye/Rogo
393,163,NGA,Nigeria,Kano,Kibiya,Rano/Bunkure/Kibiya
394,163,NGA,Nigeria,Kano,Kiru,Bebeji/Kiru
395,163,NGA,Nigeria,Kano,Kumbotso,Kumbosto
396,163,NGA,Nigeria,Kano,Kunchi,Tsanyawa/Kunchi
397,163,NGA,Nigeria,Kano,Kura,Kura/Madobi/Garun Malam
398,163,NGA,Nigeria,Kano,Madobi,Kura/Madobi/Garun Malam
399,163,NGA,Nigeria,Kano,Makoda,Dambatta/Makoda
400,163,NGA,Nigeria,Kano,Minjibir,Minjibir/Ungogo
401,163,NGA,Nigeria,Kano,Nassaraw,Nassarawa
402,163,NGA,Nigeria,Kano,Rano,Rano/Bunkure/Kibiya
403,163,NGA,Nigeria,Kano,RiminGad,Dawakin Tofa/Tofa/Rimin Gado
404,163,NGA,Nigeria,Kano,Rogo,Karaye/Rogo
405,163,NGA,Nigeria,Kano,Shanono,Shanono/Bagwai
406,163,NGA,Nigeria,Kano,Sumaila,Sumaila/Takai
407,163,NGA,Nigeria,Kano,Takai,Sumaila/Takai
408,163,NGA,Nigeria,Kano,Tarauni,Tarauni
409,163,NGA,Nigeria,Kano,Tofa,Dawakin Tofa/Tofa/Rimin Gado
410,163,NGA,Nigeria,Kano,Tsanyawa,Tsanyawa/Kunchi
411,163,NGA,Nigeria,Kano,Tundun Wada,Doguwa/Tudun Wada
412,163,NGA,Nigeria,Kano,Ungogo,Minjibir/Ungogo
413,163,NGA,Nigeria,Kano,Warawa,Dawakin Kudu/Warawa
414,163,NGA,Nigeria,Kano,Wudil,Wudil/Garko
415,163,NGA,Nigeria,Katsina,Bakori,Bakori/Danja
416,163,NGA,Nigeria,Katsina,Batagarawa,Batagarawa/Charanchi/Rimi
417,163,NGA,Nigeria,Katsina,Batsari,Batsari/Safana/Danmusa
418,163,NGA,Nigeria,Katsina,Baure,Zango/Baure
419,163,NGA,Nigeria,Katsina,Bindawa,Bindawa/Mani
420,163,NGA,Nigeria,Katsina,Charanchi,Batagarawa/Charanchi/Rimi
421,163,NGA,Nigeria,Katsina,Dandume,Funtua/Dandume
422,163,NGA,Nigeria,Katsina,Danja,Bakori/Danja
423,163,NGA,Nigeria,Katsina,Danmusa,Batsari/Safana/Danmusa
424,163,NGA,Nigeria,Katsina,Daura,Daura/Sandamu/Mai'Adua
425,163,NGA,Nigeria,Katsina,Dutsi,Mashi/Dutsi
426,163,NGA,Nigeria,Katsina,Dutsin-M,Dutsin-ma/Kurfi
427,163,NGA,Nigeria,Katsina,Faskari,Faskari/Kankara/Sabuwa
428,163,NGA,Nigeria,Katsina,Funtua,Funtua/Dandume
429,163,NGA,Nigeria,Katsina,Ingawa,Ingawa/Kankia/Kusada
430,163,NGA,Nigeria,Katsina,Jibia,Jibia/Kaita
431,163,NGA,Nigeria,Katsina,Kafur,Malumfashi/Kafur
432,163,NGA,Nigeria,Katsina,Kaita,Jibia/Kaita
433,163,NGA,Nigeria,Katsina,Kankara,Faskari/Kankara/Sabuwa
434,163,NGA,Nigeria,Katsina,Kankiya,Ingawa/Kankia/Kusada
435,163,NGA,Nigeria,Katsina,Katsina (K),Katsina
436,163,NGA,Nigeria,Katsina,Kurfi,Dutsin-ma/Kurfi
437,163,NGA,Nigeria,Katsina,Kusada,Ingawa/Kankia/Kusada
438,163,NGA,Nigeria,Katsina,Mai'Adua,Daura/Sandamu/Mai'Adua
439,163,NGA,Nigeria,Katsina,Malumfashi,Malumfashi/Kafur
440,163,NGA,Nigeria,Katsina,Mani,Bindawa/Mani
441,163,NGA,Nigeria,Katsina,Mashi,Mashi/Dutsi
442,163,NGA,Nigeria,Katsina,Matazu,Matazu/Musawa
443,163,NGA,Nigeria,Katsina,Musawa,Matazu/Musawa
444,163,NGA,Nigeria,Katsina,Rimi,Batagarawa/Charanchi/Rimi
445,163,NGA,Nigeria,Katsina,Sabuwa,Faskari/Kankara/Sabuwa
446,163,NGA,Nigeria,Katsina,Safana,Batsari/Safana/Danmusa
447,163,NGA,Nigeria,Katsina,Sandamu,Daura/Sandamu/Mai'Adua
448,163,NGA,Nigeria,Katsina,Zango,Zango/Baure
449,163,NGA,Nigeria,Kebbi,Aleiro,Aleiro/Gwandu/Jega
450,163,NGA,Nigeria,Kebbi,Arewa,Arewa/Dandi
451,163,NGA,Nigeria,Kebbi,Argungu,Argungu/Augie
452,163,NGA,Nigeria,Kebbi,Augie,Argungu/Augie
453,163,NGA,Nigeria,Kebbi,Bagudo,Bagudo/Suru
454,163,NGA,Nigeria,Kebbi,BirninKe,Bunza/Birnin Kebbi/Kalgo
455,163,NGA,Nigeria,Kebbi,Bunza,Bunza/Birnin Kebbi/Kalgo
456,163,NGA,Nigeria,Kebbi,Dandi,Arewa/Dandi
457,163,NGA,Nigeria,Kebbi,Danko Wasagu,Fakai/Sakaba/Wasagu/Danko/Zuru
458,163,NGA,Nigeria,Kebbi,Fakai,Fakai/Sakaba/Wasagu/Danko/Zuru
459,163,NGA,Nigeria,Kebbi,Gwandu,Aleiro/Gwandu/Jega
460,163,NGA,Nigeria,Kebbi,Jega,Aleiro/Gwandu/Jega
461,163,NGA,Nigeria,Kebbi,Kalgo,Bunza/Birnin Kebbi/Kalgo
462,163,NGA,Nigeria,Kebbi,Koko/Bes,Koko-Besse/Maiyama
463,163,NGA,Nigeria,Kebbi,Maiyama,Koko-Besse/Maiyama
464,163,NGA,Nigeria,Kebbi,Ngaski,Ngaski/Shanga/Yauri
465,163,NGA,Nigeria,Kebbi,Sakaba,Fakai/Sakaba/Wasagu/Danko/Zuru
466,163,NGA,Nigeria,Kebbi,Shanga,Ngaski/Shanga/Yauri
467,163,NGA,Nigeria,Kebbi,Suru,Bagudo/Suru
468,163,NGA,Nigeria,Kebbi,Yauri,Ngaski/Shanga/Yauri
469,163,NGA,Nigeria,Kebbi,Zuru,Fakai/Sakaba/Wasagu/Danko/Zuru
470,163,NGA,Nigeria,Kogi,Adavi,Adavi/Okehi
471,163,NGA,Nigeria,Kogi,Ajaokuta,Ajaokuta
472,163,NGA,Nigeria,Kogi,Ankpa,Ankpa/Omala/Olamaboro
473,163,NGA,Nigeria,Kogi,Bassa,Bassa/Dekina
474,163,NGA,Nigeria,Kogi,Dekina,Bassa/Dekina
475,163,NGA,Nigeria,Kogi,Ibaji,Idah/Ibaji/Igalamela/Ofu
476,163,NGA,Nigeria,Kogi,Idah,Idah/Ibaji/Igalamela/Ofu
477,163,NGA,Nigeria,Kogi,Igalamela-Odolu,Idah/Ibaji/Igalamela/Ofu
478,163,NGA,Nigeria,Kogi,Ijumu,Ijumu/Kabba-Bunu
479,163,NGA,Nigeria,Kogi,Kabba/Bu,Ijumu/Kabba-Bunu
480,163,NGA,Nigeria,Kogi,Kotonkar,Kogi(Lokoja)/Kogi(K.K.)
481,163,NGA,Nigeria,Kogi,Lokoja,Kogi(Lokoja)/Kogi(K.K.)
482,163,NGA,Nigeria,Kogi,Mopa-Muro,Yagba East/Yagba West/Mopamuro
483,163,NGA,Nigeria,Kogi,Ofu,Idah/Ibaji/Igalamela/Ofu
484,163,NGA,Nigeria,Kogi,Ogori/Magongo,Okene/Ogori-Magogo
485,163,NGA,Nigeria,Kogi,Okehi,Adavi/Okehi
486,163,NGA,Nigeria,Kogi,Okene,Okene/Ogori-Magogo
487,163,NGA,Nigeria,Kogi,Olamabor,Ankpa/Omala/Olamaboro
488,163,NGA,Nigeria,Kogi,Omala,Ankpa/Omala/Olamaboro
489,163,NGA,Nigeria,Kogi,Yagba East,Yagba East/Yagba West/Mopamuro
490,163,NGA,Nigeria,Kogi,Yagba West,Yagba East/Yagba West/Mopamuro
491,163,NGA,Nigeria,Kwara,Asa,Ilorin West/Asa
492,163,NGA,Nigeria,Kwara,Baruten,Baruten/Kaiama
493,163,NGA,Nigeria,Kwara,Edu,Edu/Moro/Pategi
494,163,NGA,Nigeria,Kwara,Ekiti,Ekiti/Isin/Irepodun/Oke-ero
495,163,NGA,Nigeria,Kwara,Ifelodun,Ifelodun/Offa/Oyun
496,163,NGA,Nigeria,Kwara,Ilorin East,Ilorin East/Ilorin South
497,163,NGA,Nigeria,Kwara,Ilorin South,Ilorin East/Ilorin South
498,163,NGA,Nigeria,Kwara,IlorinWe,Ilorin West/Asa
499,163,NGA,Nigeria,Kwara,Irepodun,Ekiti/Isin/Irepodun/Oke-ero
500,163,NGA,Nigeria,Kwara,Isin,Ekiti/Isin/Irepodun/Oke-ero
501,163,NGA,Nigeria,Kwara,Kaiama,Baruten/Kaiama
502,163,NGA,Nigeria,Kwara,Moro,Edu/Moro/Pategi
503,163,NGA,Nigeria,Kwara,Offa,Ifelodun/Offa/Oyun
504,163,NGA,Nigeria,Kwara,Oke-Ero,Ekiti/Isin/Irepodun/Oke-ero
505,163,NGA,Nigeria,Kwara,Oyun,Ifelodun/Offa/Oyun
506,163,NGA,Nigeria,Kwara,Pategi,Edu/Moro/Pategi
507,163,NGA,Nigeria,Lagos,Agege,Ageg
508,163,NGA,Nigeria,Lagos,Ajeromi/Ifelodun,Ajeromi/Ifelodun
509,163,NGA,Nigeria,Lagos,Alimosho,Alimosho
510,163,NGA,Nigeria,Lagos,Amuwo Odofin,Amuwo/Odofin
511,163,NGA,Nigeria,Lagos,Apapa,Apapa
512,163,NGA,Nigeria,Lagos,Badagary,Badagary
513,163,NGA,Nigeria,Lagos,Epe,Epe
514,163,NGA,Nigeria,Lagos,Eti-Osa,Eti-Osa
515,163,NGA,Nigeria,Lagos,Ibeju/Lekki,Ibeju-Lekku
516,163,NGA,Nigeria,Lagos,Ifako/Ijaye,Ifako-Ijaiye
517,163,NGA,Nigeria,Lagos,Ikeja,Ikeja
518,163,NGA,Nigeria,Lagos,Ikorodu,Ikorodu
519,163,NGA,Nigeria,Lagos,Kosofe,Kosofe
520,163,NGA,Nigeria,Lagos,LagosIsland,
521,163,NGA,Nigeria,Lagos,Mainland,Lagos Mainland
522,163,NGA,Nigeria,Lagos,Mushin,
523,163,NGA,Nigeria,Lagos,Ojo,Ojo
524,163,NGA,Nigeria,Lagos,Oshodi/Isolo,
525,163,NGA,Nigeria,Lagos,Shomolu,Somolu
526,163,NGA,Nigeria,Lagos,Surulere,
527,163,NGA,Nigeria,Nassarawa,Akwanga,Akwanga/Nasarawa Eggon/Wamba
528,163,NGA,Nigeria,Nassarawa,Awe,Awe/Doma/Keana
529,163,NGA,Nigeria,Nassarawa,Doma,Awe/Doma/Keana
530,163,NGA,Nigeria,Nassarawa,Karu,Keffi/Karu/Kokona
531,163,NGA,Nigeria,Nassarawa,Keana,Awe/Doma/Keana
532,163,NGA,Nigeria,Nassarawa,Keffi,Keffi/Karu/Kokona
533,163,NGA,Nigeria,Nassarawa,Kokona,Keffi/Karu/Kokona
534,163,NGA,Nigeria,Nassarawa,Lafia,Lafia/Obi
535,163,NGA,Nigeria,Nassarawa,Nasarawa,Nassarawa/Toto
536,163,NGA,Nigeria,Nassarawa,Nassarawa Egon,Akwanga/Nasarawa Eggon/Wamba
537,163,NGA,Nigeria,Nassarawa,Obi,Lafia/Obi
538,163,NGA,Nigeria,Nassarawa,Toto,Nassarawa/Toto
539,163,NGA,Nigeria,Nassarawa,Wamba,Akwanga/Nasarawa Eggon/Wamba
540,163,NGA,Nigeria,Niger,Agaie,Agaie/Lapai
541,163,NGA,Nigeria,Niger,Agwara,Agwara/Borgu
542,163,NGA,Nigeria,Niger,Bida,Bida/Gbako/Katcha
543,163,NGA,Nigeria,Niger,Borgu,Agwara/Borgu
544,163,NGA,Nigeria,Niger,Bosso,Booso/Paikoro
545,163,NGA,Nigeria,Niger,Chanchaga,Chanchaga
546,163,NGA,Nigeria,Niger,Edati,Lavun/Mokwa/Edati
547,163,NGA,Nigeria,Niger,Gbako,Bida/Gbako/Katcha
548,163,NGA,Nigeria,Niger,Gurara,Gurara/Suleja/Tapa
549,163,NGA,Nigeria,Niger,Katcha,Bida/Gbako/Katcha
550,163,NGA,Nigeria,Niger,Kontogur,Kontagora/Wushishi/Mariga/Mashegu
551,163,NGA,Nigeria,Niger,Lapai,Agaie/Lapai
552,163,NGA,Nigeria,Niger,Lavun,Lavun/Mokwa/Edati
553,163,NGA,Nigeria,Niger,Magama,Magama/Rijau
554,163,NGA,Nigeria,Niger,Mariga,Kontagora/Wushishi/Mariga/Mashegu
555,163,NGA,Nigeria,Niger,Mashegu,Kontagora/Wushishi/Mariga/Mashegu
556,163,NGA,Nigeria,Niger,Mokwa,Lavun/Mokwa/Edati
557,163,NGA,Nigeria,Niger,Muya,Shiroro/Rafi/Munya
558,163,NGA,Nigeria,Niger,Paikoro,Booso/Paikoro
559,163,NGA,Nigeria,Niger,Rafi,Shiroro/Rafi/Munya
560,163,NGA,Nigeria,Niger,Rijau,Magama/Rijau
561,163,NGA,Nigeria,Niger,Shiroro,Shiroro/Rafi/Munya
562,163,NGA,Nigeria,Niger,Suleja,Gurara/Suleja/Tapa
563,163,NGA,Nigeria,Niger,Tafa,Gurara/Suleja/Tapa
564,163,NGA,Nigeria,Niger,Wushishi,Kontagora/Wushishi/Mariga/Mashegu
565,163,NGA,Nigeria,Ogun,Abeokuta South,Abeokuta South
566,163,NGA,Nigeria,Ogun,AbeokutaNorth,Abeokuta North/Obafemi-Owode/Odeda
567,163,NGA,Nigeria,Ogun,AdoOdo/Ota,Ado-Odo/Ota
568,163,NGA,Nigeria,Ogun,EgbadoNorth,Egbado North/Imeko-Afon
569,163,NGA,Nigeria,Ogun,EgbadoSouth,Egbado South/Ipokia
570,163,NGA,Nigeria,Ogun,Ewekoro,Ifo/Ewekoro
571,163,NGA,Nigeria,Ogun,Ifo,Ifo/Ewekoro
572,163,NGA,Nigeria,Ogun,Ijebu North-East,Ijebu Ode/Odogbolu/Ijebu North East
573,163,NGA,Nigeria,Ogun,IjebuEast,Ijebu North/Ijebu East/Ogun Waterside
574,163,NGA,Nigeria,Ogun,IjebuNorth,Ijebu North/Ijebu East/Ogun Waterside
575,163,NGA,Nigeria,Ogun,IjebuOde,Ijebu Ode/Odogbolu/Ijebu North East
576,163,NGA,Nigeria,Ogun,Ikenne,Ikenne/Shagamu/Remo North
577,163,NGA,Nigeria,Ogun,Imeko-Afon,Egbado North/Imeko-Afon
578,163,NGA,Nigeria,Ogun,Ipokia,Egbado South/Ipokia
579,163,NGA,Nigeria,Ogun,Obafemi-Owode,Abeokuta North/Obafemi-Owode/Odeda
580,163,NGA,Nigeria,Ogun,Odeda,Abeokuta North/Obafemi-Owode/Odeda
581,163,NGA,Nigeria,Ogun,Odogbolu,Ijebu Ode/Odogbolu/Ijebu North East
582,163,NGA,Nigeria,Ogun,OgunWaterside,Ijebu North/Ijebu East/Ogun Waterside
583,163,NGA,Nigeria,Ogun,Remo-North,Ikenne/Shagamu/Remo North
584,163,NGA,Nigeria,Ogun,Shagamu,Ikenne/Shagamu/Remo North
585,163,NGA,Nigeria,Ondo,Akoko North-East,Akoko North East/Akoko North West
586,163,NGA,Nigeria,Ondo,Akoko South-East,Akoko South East/Akoko South West
587,163,NGA,Nigeria,Ondo,Akoko South-West,Akoko South East/Akoko South West
588,163,NGA,Nigeria,Ondo,AkokoNorthWest,Akoko North East/Akoko North West
589,163,NGA,Nigeria,Ondo,Akure North,Akure North/Akure South
590,163,NGA,Nigeria,Ondo,Akure South,Akure North/Akure South
591,163,NGA,Nigeria,Ondo,Ese-Odo,Eseodo/Ilaje
592,163,NGA,Nigeria,Ondo,Idanre,Idanre/Ifedore
593,163,NGA,Nigeria,Ondo,Ifedore,Idanre/Ifedore
594,163,NGA,Nigeria,Ondo,IlajeEseodo,Eseodo/Ilaje
595,163,NGA,Nigeria,Ondo,IleOluji/Okeigbo,Ileoluji/Okeigbo/Odigbo
596,163,NGA,Nigeria,Ondo,Irele,Okitipupa/Irele
597,163,NGA,Nigeria,Ondo,Odigbo,Ileoluji/Okeigbo/Odigbo
598,163,NGA,Nigeria,Ondo,Okitipupa,Okitipupa/Irele
599,163,NGA,Nigeria,Ondo,Ondo East,Ondo East/Ondo West
600,163,NGA,Nigeria,Ondo,Ondo West,Ondo East/Ondo West
601,163,NGA,Nigeria,Ondo,Ose,Owo/Ose
602,163,NGA,Nigeria,Ondo,Owo,Owo/Ose
603,163,NGA,Nigeria,Osun,Atakumosa East,Atakunmosa East/ Atakunmosa West/Ilesha East/Ilesha West
604,163,NGA,Nigeria,Osun,Atakumosa West,Atakunmosa East/ Atakunmosa West/Ilesha East/Ilesha West
605,163,NGA,Nigeria,Osun,Ayedaade,Ayedaade/Irewole/Isokan
606,163,NGA,Nigeria,Osun,Ayedire,Ayedire/Iwo/Ola-Oluwa
607,163,NGA,Nigeria,Osun,Boluwaduro,Boluwaduro/Ifedayo/Ila
608,163,NGA,Nigeria,Osun,Boripe,Odo-Otin/Ifelodun/Boripe
609,163,NGA,Nigeria,Osun,Ede North,Ede North/South/Egbedero/Ejigbo
610,163,NGA,Nigeria,Osun,Ede South,Ede North/South/Egbedero/Ejigbo
611,163,NGA,Nigeria,Osun,Egbedore,Ede North/South/Egbedero/Ejigbo
612,163,NGA,Nigeria,Osun,Ejigbo,Ede North/South/Egbedero/Ejigbo
613,163,NGA,Nigeria,Osun,Ife East,Ife Central/Ife East/Ife North/Ife South
614,163,NGA,Nigeria,Osun,Ife North,Ife Central/Ife East/Ife North/Ife South
615,163,NGA,Nigeria,Osun,Ife South,Ife Central/Ife East/Ife North/Ife South
616,163,NGA,Nigeria,Osun,IfeCentral,Ife Central/Ife East/Ife North/Ife South
617,163,NGA,Nigeria,Osun,Ifedayo,Boluwaduro/Ifedayo/Ila
618,163,NGA,Nigeria,Osun,Ifelodun,Odo-Otin/Ifelodun/Boripe
619,163,NGA,Nigeria,Osun,Ila,Boluwaduro/Ifedayo/Ila
620,163,NGA,Nigeria,Osun,Ilesha East,Atakunmosa East/ Atakunmosa West/Ilesha East/Ilesha West
621,163,NGA,Nigeria,Osun,Ilesha West,Atakunmosa East/ Atakunmosa West/Ilesha East/Ilesha West
622,163,NGA,Nigeria,Osun,Irepodun,Irepodun/Olorunda/Osogbo/Orolu
623,163,NGA,Nigeria,Osun,Irewole,Ayedaade/Irewole/Isokan
624,163,NGA,Nigeria,Osun,Isokan,Ayedaade/Irewole/Isokan
625,163,NGA,Nigeria,Osun,Iwo,Ayedire/Iwo/Ola-Oluwa
626,163,NGA,Nigeria,Osun,Obokun,Obokon/Oriade
627,163,NGA,Nigeria,Osun,Odo0tin,Odo-Otin/Ifelodun/Boripe
628,163,NGA,Nigeria,Osun,Ola-Oluwa,Ayedire/Iwo/Ola-Oluwa
629,163,NGA,Nigeria,Osun,Olorunda,Irepodun/Olorunda/Osogbo/Orolu
630,163,NGA,Nigeria,Osun,Oriade,Obokon/Oriade
631,163,NGA,Nigeria,Osun,Orolu,Irepodun/Olorunda/Osogbo/Orolu
632,163,NGA,Nigeria,Osun,Osogbo,Irepodun/Olorunda/Osogbo/Orolu
633,163,NGA,Nigeria,Oyo,Afijio,Afijio/Oyo East/Oyo West/ Atiba
634,163,NGA,Nigeria,Oyo,Akinyele,Akinyele/Lagelu
635,163,NGA,Nigeria,Oyo,Atiba,Afijio/Oyo East/Oyo West/ Atiba
636,163,NGA,Nigeria,Oyo,Atisbo,Atisbo/Saki East/Saki West
637,163,NGA,Nigeria,Oyo,Egbeda,Egbeda/Ona-Ara
638,163,NGA,Nigeria,Oyo,IbadanNorth-East,Ibadan North East/Ibadan South East
639,163,NGA,Nigeria,Oyo,IbadanNorth-West,Ibadan North West/Ibadan South West
640,163,NGA,Nigeria,Oyo,IbadanNorth,Ibadan North
641,163,NGA,Nigeria,Oyo,IbadanSouth-East,Ibadan North East/Ibadan South East
642,163,NGA,Nigeria,Oyo,IbadanSouth-West,Ibadan North West/Ibadan South West
643,163,NGA,Nigeria,Oyo,Ibarapa Central,Ibarapa Central/Ibarapa North
644,163,NGA,Nigeria,Oyo,Ibarapa East,Ibarapa East/Ido
645,163,NGA,Nigeria,Oyo,Ibarapa North,Ibarapa Central/Ibarapa North
646,163,NGA,Nigeria,Oyo,Ido,Ibarapa East/Ido
647,163,NGA,Nigeria,Oyo,Irepo,Irepo/Orelope/Olorunsogo
648,163,NGA,Nigeria,Oyo,Iseyin,Iseyin/Itesiwaju/Kajola/Iwajowa
649,163,NGA,Nigeria,Oyo,Itesiwaju,Iseyin/Itesiwaju/Kajola/Iwajowa
650,163,NGA,Nigeria,Oyo,Iwajowa,Iseyin/Itesiwaju/Kajola/Iwajowa
651,163,NGA,Nigeria,Oyo,Kajola,Iseyin/Itesiwaju/Kajola/Iwajowa
652,163,NGA,Nigeria,Oyo,Lagelu,Akinyele/Lagelu
653,163,NGA,Nigeria,Oyo,Ogbomosho North,Ogbomosho North/Ogbomosho South/Orire
654,163,NGA,Nigeria,Oyo,Ogbomosho South,Ogbomosho North/Ogbomosho South/Orire
655,163,NGA,Nigeria,Oyo,Ogo-Oluw,Ogo-Oluwa/Surulere
656,163,NGA,Nigeria,Oyo,Olorunsogo,Irepo/Orelope/Olorunsogo
657,163,NGA,Nigeria,Oyo,Oluyole,Oluyole
658,163,NGA,Nigeria,Oyo,Ona-Ara,Egbeda/Ona-Ara
659,163,NGA,Nigeria,Oyo,Orelope,Irepo/Orelope/Olorunsogo
660,163,NGA,Nigeria,Oyo,Ori-Ire,Ogbomosho North/Ogbomosho South/Orire
661,163,NGA,Nigeria,Oyo,Oyo East,Afijio/Oyo East/Oyo West/ Atiba
662,163,NGA,Nigeria,Oyo,Oyo West,Afijio/Oyo East/Oyo West/ Atiba
663,163,NGA,Nigeria,Oyo,Saki East,Atisbo/Saki East/Saki West
664,163,NGA,Nigeria,Oyo,Saki West,Atisbo/Saki East/Saki West
665,163,NGA,Nigeria,Oyo,Surulere,Ogo-Oluwa/Surulere
666,163,NGA,Nigeria,Plateau,Barkin Ladi,Barkin Ladi/Riyom
667,163,NGA,Nigeria,Plateau,Bassa,Jos North/Bassa
668,163,NGA,Nigeria,Plateau,Bokkos,Bokkos/Mangu
669,163,NGA,Nigeria,Plateau,Jos East,Jos South/Jos East
670,163,NGA,Nigeria,Plateau,Jos North,Jos North/Bassa
671,163,NGA,Nigeria,Plateau,Jos South,Jos South/Jos East
672,163,NGA,Nigeria,Plateau,Kanam,Kanke/Pankshin/Kanam
673,163,NGA,Nigeria,Plateau,Kanke,Kanke/Pankshin/Kanam
674,163,NGA,Nigeria,Plateau,Langtang North,Langtang North/Langtang South
675,163,NGA,Nigeria,Plateau,Langtang South,Langtang North/Langtang South
676,163,NGA,Nigeria,Plateau,Mangu,Bokkos/Mangu
677,163,NGA,Nigeria,Plateau,Mikang,Mikang/Qua'an/Pan/Shendam
678,163,NGA,Nigeria,Plateau,Pankshin,Kanke/Pankshin/Kanam
679,163,NGA,Nigeria,Plateau,Qua'anpa,Mikang/Qua'an/Pan/Shendam
680,163,NGA,Nigeria,Plateau,Riyom,Barkin Ladi/Riyom
681,163,NGA,Nigeria,Plateau,Shendam,Mikang/Qua'an/Pan/Shendam
682,163,NGA,Nigeria,Plateau,Wase,Wase
683,163,NGA,Nigeria,Rivers,Abua/Odu,Abua-Odual/Ahaoda East
684,163,NGA,Nigeria,Rivers,Ahoada East,Abua-Odual/Ahaoda East
685,163,NGA,Nigeria,Rivers,Ahoada West,Ahoada West/Ogba Egbema
686,163,NGA,Nigeria,Rivers,Akukutor,Akuku-Toru/Asari-Toru
687,163,NGA,Nigeria,Rivers,Andoni/O,Opobo/Nkoro/Andoni
688,163,NGA,Nigeria,Rivers,Asari-To,Akuku-Toru/Asari-Toru
689,163,NGA,Nigeria,Rivers,Bonny,Degema/Bonny
690,163,NGA,Nigeria,Rivers,Degema,Degema/Bonny
691,163,NGA,Nigeria,Rivers,Eleme,Eleme/Tai/Oyigbo
692,163,NGA,Nigeria,Rivers,Emuoha,Ikwerre/Umohua
693,163,NGA,Nigeria,Rivers,Etche,Etche/Omuma
694,163,NGA,Nigeria,Rivers,Gokana,Khana/Gokana
695,163,NGA,Nigeria,Rivers,Ikwerre,Ikwerre/Umohua
696,163,NGA,Nigeria,Rivers,Khana,Khana/Gokana
697,163,NGA,Nigeria,Rivers,Obio/Akp,Obio Akpor
698,163,NGA,Nigeria,Rivers,Ogba/Egbe,Ahoada West/Ogba Egbema
699,163,NGA,Nigeria,Rivers,Ogu/Bolo,Okrika/Ogu-Bolo
700,163,NGA,Nigeria,Rivers,Okrika,Okrika/Ogu-Bolo
701,163,NGA,Nigeria,Rivers,Omumma,Etche/Omuma
702,163,NGA,Nigeria,Rivers,Opobo/Nkoro,Opobo/Nkoro/Andoni
703,163,NGA,Nigeria,Rivers,Oyigbo,Eleme/Tai/Oyigbo
704,163,NGA,Nigeria,Rivers,Port Harcourt,
705,163,NGA,Nigeria,Rivers,Tai,Eleme/Tai/Oyigbo
706,163,NGA,Nigeria,Sokoto,Binji,Binji/Silame
707,163,NGA,Nigeria,Sokoto,Bodinga,Dange-Shuni/Bodinga/Tureta
708,163,NGA,Nigeria,Sokoto,Dange-Shuni,Dange-Shuni/Bodinga/Tureta
709,163,NGA,Nigeria,Sokoto,Gada,Goronyo/Gada
710,163,NGA,Nigeria,Sokoto,Goronyo,Goronyo/Gada
711,163,NGA,Nigeria,Sokoto,Gudu,Tangaza/Gudu
712,163,NGA,Nigeria,Sokoto,Gwadabaw,Illela/Gwadabawa
713,163,NGA,Nigeria,Sokoto,Illela,Illela/Gwadabawa
714,163,NGA,Nigeria,Sokoto,Isa,Isa/Sabon Birni
715,163,NGA,Nigeria,Sokoto,Kebbe,Kebbe/Tambuwal
716,163,NGA,Nigeria,Sokoto,Kware,Kware/Wamakko
717,163,NGA,Nigeria,Sokoto,Rabah,Wurno/Rabah
718,163,NGA,Nigeria,Sokoto,Sabon Birni,Isa/Sabon Birni
719,163,NGA,Nigeria,Sokoto,Shagari,Yabo/Shagari
720,163,NGA,Nigeria,Sokoto,Silame,Binji/Silame
721,163,NGA,Nigeria,Sokoto,Sokoto North,Sokoto North/Sokoto South
722,163,NGA,Nigeria,Sokoto,Sokoto South,Sokoto North/Sokoto South
723,163,NGA,Nigeria,Sokoto,Tambawal,Kebbe/Tambuwal
724,163,NGA,Nigeria,Sokoto,Tangazar,Tangaza/Gudu
725,163,NGA,Nigeria,Sokoto,Tureta,Dange-Shuni/Bodinga/Tureta
726,163,NGA,Nigeria,Sokoto,Wamakko,Kware/Wamakko
727,163,NGA,Nigeria,Sokoto,Wurno,Wurno/Rabah
728,163,NGA,Nigeria,Sokoto,Yabo,Yabo/Shagari
729,163,NGA,Nigeria,Taraba,Ardo-Kola,Karim Lamido/Lau/Ardo-Kola
730,163,NGA,Nigeria,Taraba,Bali,Bali/Gassol
731,163,NGA,Nigeria,Taraba,Donga,Takum/Donga/Ussa
732,163,NGA,Nigeria,Taraba,Gashaka,Sardauna/Kurmi/Gashaka
733,163,NGA,Nigeria,Taraba,Gassol,Bali/Gassol
734,163,NGA,Nigeria,Taraba,Ibi,Ibi/Wukari
735,163,NGA,Nigeria,Taraba,Jalingo,Jalingo/Yorro/Zing
736,163,NGA,Nigeria,Taraba,Karim-La,Karim Lamido/Lau/Ardo-Kola
737,163,NGA,Nigeria,Taraba,Kurmi,Sardauna/Kurmi/Gashaka
738,163,NGA,Nigeria,Taraba,Lau,Karim Lamido/Lau/Ardo-Kola
739,163,NGA,Nigeria,Taraba,Sardauna,Sardauna/Kurmi/Gashaka
740,163,NGA,Nigeria,Taraba,Takum,Takum/Donga/Ussa
741,163,NGA,Nigeria,Taraba,Ussa,Takum/Donga/Ussa
742,163,NGA,Nigeria,Taraba,Wukari,Ibi/Wukari
743,163,NGA,Nigeria,Taraba,Yorro,Jalingo/Yorro/Zing
744,163,NGA,Nigeria,Taraba,Zing,Jalingo/Yorro/Zing
745,163,NGA,Nigeria,Yobe,Bade,Bade/Jakusko
746,163,NGA,Nigeria,Yobe,Borsari,Bursari/Geidam/Yunusari
747,163,NGA,Nigeria,Yobe,Damaturu,Damaturu/Gujba/Gulani/Tarmuwa
748,163,NGA,Nigeria,Yobe,Fika,Fika/Fune
749,163,NGA,Nigeria,Yobe,Fune,Fika/Fune
750,163,NGA,Nigeria,Yobe,Geidam,Bursari/Geidam/Yunusari
751,163,NGA,Nigeria,Yobe,Gujba,Damaturu/Gujba/Gulani/Tarmuwa
752,163,NGA,Nigeria,Yobe,Gulani,Damaturu/Gujba/Gulani/Tarmuwa
753,163,NGA,Nigeria,Yobe,Jakusko,Bade/Jakusko
754,163,NGA,Nigeria,Yobe,Karasuwa,Machina/Nguru/Karasuwa/Yusufari
755,163,NGA,Nigeria,Yobe,Machina,Machina/Nguru/Karasuwa/Yusufari
756,163,NGA,Nigeria,Yobe,Nangere,Nangere/Potiskum
757,163,NGA,Nigeria,Yobe,Nguru,Machina/Nguru/Karasuwa/Yusufari
758,163,NGA,Nigeria,Yobe,Potiskum,Nangere/Potiskum
759,163,NGA,Nigeria,Yobe,Tarmuwa,Damaturu/Gujba/Gulani/Tarmuwa
760,163,NGA,Nigeria,Yobe,Yunusari,Bursari/Geidam/Yunusari
761,163,NGA,Nigeria,Yobe,Yusufari,Machina/Nguru/Karasuwa/Yusufari
762,163,NGA,Nigeria,Zamfara,Anka,Anka/Talata Mafara
763,163,NGA,Nigeria,Zamfara,Bakura,Bakura/Maradun
764,163,NGA,Nigeria,Zamfara,Birnin-Magaji/Kiyaw,Kaura-Namoda/Birnin Magaji
765,163,NGA,Nigeria,Zamfara,Bukkuyum,Gummi/Bukkuyum
766,163,NGA,Nigeria,Zamfara,Bungudu,Bungudu/Maru
767,163,NGA,Nigeria,Zamfara,Gummi,Gummi/Bukkuyum
768,163,NGA,Nigeria,Zamfara,Gusau,Gusau/Tsafe
769,163,NGA,Nigeria,Zamfara,Kaura-Na,Kaura-Namoda/Birnin Magaji
770,163,NGA,Nigeria,Zamfara,Maradun,Bakura/Maradun
771,163,NGA,Nigeria,Zamfara,Maru,Bungudu/Maru
772,163,NGA,Nigeria,Zamfara,Shinkafi,Shinkafi/Zurmi
773,163,NGA,Nigeria,Zamfara,Talata-Mafara,Anka/Talata Mafara
774,163,NGA,Nigeria,Zamfara,Tsafe,Gusau/Tsafe
775,163,NGA,Nigeria,Zamfara,Zurmi,Shinkafi/Zurmi
