<?xml version="1.0" encoding="UTF-8"?>
<metadata xml:lang="en"><Esri><CreaDate>20170614</CreaDate><CreaTime>21202800</CreaTime><ArcGISFormat>1.0</ArcGISFormat><SyncOnce>TRUE</SyncOnce><DataProperties><lineage><Process ToolSource="c:\program files (x86)\arcgis\desktop10.4\ArcToolbox\Toolboxes\Data Management Tools.tbx\CalculateField" Date="20170614" Time="211814">CalculateField NGA_adm2_Dissolve ISO "NGA" VB #</Process><Process ToolSource="c:\program files (x86)\arcgis\desktop10.4\ArcToolbox\Toolboxes\Data Management Tools.tbx\CalculateField" Date="20170614" Time="211832">CalculateField NGA_adm2_Dissolve ISO "NGA" VB #</Process><Process ToolSource="c:\program files (x86)\arcgis\desktop10.4\ArcToolbox\Toolboxes\Data Management Tools.tbx\CalculateField" Date="20170614" Time="211901">CalculateField NGA_adm2_Dissolve Country "Nigeria" VB #</Process><Process ToolSource="c:\program files (x86)\arcgis\desktop10.4\ArcToolbox\Toolboxes\Data Management Tools.tbx\CalculateField" Date="20170614" Time="211930">CalculateField NGA_adm2_Dissolve Cons_name [NGA_adm2_6] VB #</Process></lineage></DataProperties></Esri></metadata>
