<?xml version="1.0" encoding="UTF-8"?>
<metadata xml:lang="en"><Esri><CreaDate>20170614</CreaDate><CreaTime>17311300</CreaTime><ArcGISFormat>1.0</ArcGISFormat><SyncOnce>FALSE</SyncOnce><DataProperties><lineage><Process ToolSource="c:\program files (x86)\arcgis\desktop10.4\ArcToolbox\Toolboxes\Data Management Tools.tbx\CalculateField" Date="20170614" Time="173003">CalculateField DZA_adm1 Country [NAME_0] VB #</Process><Process ToolSource="c:\program files (x86)\arcgis\desktop10.4\ArcToolbox\Toolboxes\Data Management Tools.tbx\CalculateField" Date="20170614" Time="173013">CalculateField DZA_adm1 Cons_name [NAME_1] VB #</Process><Process ToolSource="c:\program files (x86)\arcgis\desktop10.8\ArcToolbox\Toolboxes\Data Management Tools.tbx\Merge" Date="20210808" Time="023007">Merge Algeria_Constituencies;Angola_Constituencies;Benin_Constituencies;Botswana_Constituencies;BurkinaFaso_Constituencies;Burundi_Constituencies;CapeVerde_Constituencies;Cameroon_Constituencies;Djibouti_Constituencies;Ghana_Constituencies;Guinea_Constituencies;Kenya_Constituencies_2013;Lesotho_Constituencies;Libya_Constituencies;Malawi_Constituencies;Mali_Constituencies;Mozambique_Constituency;Namibia_Constituency;Niger_Constituences;Nigeria_Constituencies;Rwanda_Constituency;Senegal_Constituencies;SaoTomeandPrincipe_Constituencies;Seychelles_Constituencies;SouthAfrica_Constituencies;Uganda_Constituencies;Zambia_Constituencies;Zimbabwe_Constituencies;Sudan_Constituencies;Egypt_Constituencies;EquatorialGuinea_Constituencies;Togo_Constituencies;Benin_Constituencies;Tunisia_Constituencies "C:\Users\BEnge\Dropbox\GIS\GIS_Data\Constituencies Project\African Constituencies\African_Constituencies.shp" "Country "Country" true true false 50 Text 0 0 ,First,#,Algeria_Constituencies,Country,-1,-1,Angola_Constituencies,Country,-1,-1,Benin_Constituencies,Country,-1,-1,Botswana_Constituencies,Country,-1,-1,BurkinaFaso_Constituencies,Country,-1,-1,Burundi_Constituencies,Country,-1,-1,CapeVerde_Constituencies,Country,-1,-1,Cameroon_Constituencies,Country,-1,-1,Djibouti_Constituencies,Country,-1,-1,Ghana_Constituencies,Country,-1,-1,Guinea_Constituencies,Country,-1,-1,Kenya_Constituencies_2013,Country,-1,-1,Lesotho_Constituencies,Country,-1,-1,Malawi_Constituencies,Country,-1,-1,Mali_Constituencies,Country,-1,-1,Mozambique_Constituency,Country,-1,-1,Namibia_Constituency,Country,-1,-1,Niger_Constituences,Country,-1,-1,Nigeria_Constituencies,Country,-1,-1,Rwanda_Constituency,Country,-1,-1,Senegal_Constituencies,Country,-1,-1,Seychelles_Constituencies,Country,-1,-1,SouthAfrica_Constituencies,Country,-1,-1,Uganda_Constituencies,Country,-1,-1,Zambia_Constituencies,Country,-1,-1,Zimbabwe_Constituencies,Country,-1,-1,Libya_Constituencies,Country,-1,-1,SaoTomeandPrincipe_Constituencies,Country,-1,-1,Sudan_Constituencies,Country,-1,-1,Egypt_Constituencies,Country,-1,-1,EquatorialGuinea_Constituencies,Country,-1,-1,Togo_Constituencies,Country,-1,-1,Benin_Constituencies,Country,-1,-1,Tunisia_Constituencies,Country,-1,-1;Cons_name "Cons_name" true true false 50 Text 0 0 ,First,#,Algeria_Constituencies,Cons_name,-1,-1,Angola_Constituencies,Cons_name,-1,-1,Benin_Constituencies,Cons_name,-1,-1,Botswana_Constituencies,Cons_name,-1,-1,BurkinaFaso_Constituencies,Cons_name,-1,-1,Burundi_Constituencies,Cons_name,-1,-1,CapeVerde_Constituencies,Cons_name,-1,-1,Cameroon_Constituencies,Cons_name,-1,-1,Djibouti_Constituencies,Cons_name,-1,-1,Ghana_Constituencies,Cons_name,-1,-1,Guinea_Constituencies,Cons_name,-1,-1,Kenya_Constituencies_2013,Cons_name,-1,-1,Lesotho_Constituencies,Cons_name,-1,-1,Malawi_Constituencies,Cons_name,-1,-1,Mali_Constituencies,Cons_name,-1,-1,Mozambique_Constituency,Cons_name,-1,-1,Namibia_Constituency,Cons_name,-1,-1,Niger_Constituences,Cons_name,-1,-1,Nigeria_Constituencies,Cons_name,-1,-1,Rwanda_Constituency,Cons_name,-1,-1,Senegal_Constituencies,Cons_name,-1,-1,Seychelles_Constituencies,Cons_name,-1,-1,SouthAfrica_Constituencies,Cons_name,-1,-1,Uganda_Constituencies,Cons_name,-1,-1,Zambia_Constituencies,Cons_name,-1,-1,Zimbabwe_Constituencies,Cons_name,-1,-1,Libya_Constituencies,Cons_name,-1,-1,SaoTomeandPrincipe_Constituencies,Cons_name,-1,-1,Sudan_Constituencies,Cons_name,-1,-1,Egypt_Constituencies,Cons_name,-1,-1,EquatorialGuinea_Constituencies,Cons_name,-1,-1,Togo_Constituencies,Cons_name,-1,-1,Benin_Constituencies,Cons_name,-1,-1,Tunisia_Constituencies,Cons_name,-1,-1;ISO "ISO" true true false 3 Text 0 0 ,First,#,Algeria_Constituencies,ISO,-1,-1,Angola_Constituencies,ISO,-1,-1,Benin_Constituencies,ISO,-1,-1,Botswana_Constituencies,ISO,-1,-1,BurkinaFaso_Constituencies,ISO,-1,-1,Burundi_Constituencies,ISO,-1,-1,CapeVerde_Constituencies,ISO,-1,-1,Cameroon_Constituencies,ISO,-1,-1,Djibouti_Constituencies,ISO,-1,-1,Ghana_Constituencies,ISO,-1,-1,Guinea_Constituencies,ISO,-1,-1,Kenya_Constituencies_2013,ISO,-1,-1,Lesotho_Constituencies,ISO,-1,-1,Malawi_Constituencies,ISO,-1,-1,Mali_Constituencies,ISO,-1,-1,Mozambique_Constituency,ISO,-1,-1,Namibia_Constituency,ISO,-1,-1,Niger_Constituences,ISO,-1,-1,Nigeria_Constituencies,ISO,-1,-1,Rwanda_Constituency,ISO,-1,-1,Senegal_Constituencies,ISO,-1,-1,Seychelles_Constituencies,ISO,-1,-1,SouthAfrica_Constituencies,ISO,-1,-1,Uganda_Constituencies,ISO,-1,-1,Zambia_Constituencies,ISO,-1,-1,Zimbabwe_Constituencies,ISO,-1,-1,Libya_Constituencies,ISO,-1,-1,SaoTomeandPrincipe_Constituencies,ISO,-1,-1,Sudan_Constituencies,ISO,-1,-1,Egypt_Constituencies,ISO,-1,-1,EquatorialGuinea_Constituencies,ISO,-1,-1,Togo_Constituencies,ISO,-1,-1,Benin_Constituencies,ISO,-1,-1,Tunisia_Constituencies,ISO,-1,-1"</Process></lineage><itemProps><itemName Sync="TRUE">African_Constituencies</itemName><imsContentType Sync="TRUE">002</imsContentType><itemSize Sync="TRUE">0.000</itemSize><itemLocation><linkage Sync="TRUE">file://\\BRIANS-WORK-COM\C$\Users\BEnge\Dropbox\GIS\GIS_Data\Constituencies Project\African Constituencies\African_Constituencies.shp</linkage><protocol Sync="TRUE">Local Area Network</protocol></itemLocation></itemProps><coordRef><type Sync="TRUE">Geographic</type><geogcsn Sync="TRUE">GCS_WGS_1984</geogcsn><csUnits Sync="TRUE">Angular Unit: Degree (0.017453)</csUnits><peXml Sync="TRUE">&lt;GeographicCoordinateSystem xsi:type='typens:GeographicCoordinateSystem' xmlns:xsi='http://www.w3.org/2001/XMLSchema-instance' xmlns:xs='http://www.w3.org/2001/XMLSchema' xmlns:typens='http://www.esri.com/schemas/ArcGIS/10.8'&gt;&lt;WKT&gt;GEOGCS[&amp;quot;GCS_WGS_1984&amp;quot;,DATUM[&amp;quot;D_WGS_1984&amp;quot;,SPHEROID[&amp;quot;WGS_1984&amp;quot;,6378137.0,298.257223563]],PRIMEM[&amp;quot;Greenwich&amp;quot;,0.0],UNIT[&amp;quot;Degree&amp;quot;,0.0174532925199433],AUTHORITY[&amp;quot;EPSG&amp;quot;,4326]]&lt;/WKT&gt;&lt;XOrigin&gt;-400&lt;/XOrigin&gt;&lt;YOrigin&gt;-400&lt;/YOrigin&gt;&lt;XYScale&gt;11258999068426.238&lt;/XYScale&gt;&lt;ZOrigin&gt;-100000&lt;/ZOrigin&gt;&lt;ZScale&gt;10000&lt;/ZScale&gt;&lt;MOrigin&gt;-100000&lt;/MOrigin&gt;&lt;MScale&gt;10000&lt;/MScale&gt;&lt;XYTolerance&gt;8.983152841195215e-09&lt;/XYTolerance&gt;&lt;ZTolerance&gt;0.001&lt;/ZTolerance&gt;&lt;MTolerance&gt;0.001&lt;/MTolerance&gt;&lt;HighPrecision&gt;true&lt;/HighPrecision&gt;&lt;LeftLongitude&gt;-180&lt;/LeftLongitude&gt;&lt;WKID&gt;4326&lt;/WKID&gt;&lt;LatestWKID&gt;4326&lt;/LatestWKID&gt;&lt;/GeographicCoordinateSystem&gt;</peXml></coordRef></DataProperties><SyncDate>20210808</SyncDate><SyncTime>02300300</SyncTime><ModDate>20210808</ModDate><ModTime>02300300</ModTime></Esri><dataIdInfo><envirDesc Sync="TRUE"> Version 6.2 (Build 9200) ; Esri ArcGIS 10.8.0.12790</envirDesc><dataLang><languageCode value="eng" Sync="TRUE"></languageCode><countryCode value="USA" Sync="TRUE"></countryCode></dataLang><idCitation><resTitle Sync="TRUE">African_Constituencies</resTitle><presForm><PresFormCd value="005" Sync="TRUE"></PresFormCd></presForm></idCitation><spatRpType><SpatRepTypCd value="001" Sync="TRUE"></SpatRepTypCd></spatRpType></dataIdInfo><mdLang><languageCode value="eng" Sync="TRUE"></languageCode><countryCode value="USA" Sync="TRUE"></countryCode></mdLang><mdChar><CharSetCd value="004" Sync="TRUE"></CharSetCd></mdChar><distInfo><distFormat><formatName Sync="TRUE">Shapefile</formatName></distFormat><distTranOps><transSize Sync="TRUE">0.000</transSize></distTranOps></distInfo><mdHrLv><ScopeCd value="005" Sync="TRUE"></ScopeCd></mdHrLv><mdHrLvName Sync="TRUE">dataset</mdHrLvName><refSysInfo><RefSystem><refSysID><identCode code="4326" Sync="TRUE"></identCode><idCodeSpace Sync="TRUE">EPSG</idCodeSpace><idVersion Sync="TRUE">6.14(3.0.1)</idVersion></refSysID></RefSystem></refSysInfo><spatRepInfo><VectSpatRep><geometObjs Name="African_Constituencies"><geoObjTyp><GeoObjTypCd value="002" Sync="TRUE"></GeoObjTypCd></geoObjTyp><geoObjCnt Sync="TRUE">0</geoObjCnt></geometObjs><topLvl><TopoLevCd value="001" Sync="TRUE"></TopoLevCd></topLvl></VectSpatRep></spatRepInfo><spdoinfo><ptvctinf><esriterm Name="African_Constituencies"><efeatyp Sync="TRUE">Simple</efeatyp><efeageom code="4" Sync="TRUE"></efeageom><esritopo Sync="TRUE">FALSE</esritopo><efeacnt Sync="TRUE">0</efeacnt><spindex Sync="TRUE">FALSE</spindex><linrefer Sync="TRUE">FALSE</linrefer></esriterm></ptvctinf></spdoinfo><eainfo><detailed Name="African_Constituencies"><enttyp><enttypl Sync="TRUE">African_Constituencies</enttypl><enttypt Sync="TRUE">Feature Class</enttypt><enttypc Sync="TRUE">0</enttypc></enttyp><attr><attrlabl Sync="TRUE">FID</attrlabl><attalias Sync="TRUE">FID</attalias><attrtype Sync="TRUE">OID</attrtype><attwidth Sync="TRUE">4</attwidth><atprecis Sync="TRUE">0</atprecis><attscale Sync="TRUE">0</attscale><attrdef Sync="TRUE">Internal feature number.</attrdef><attrdefs Sync="TRUE">Esri</attrdefs><attrdomv><udom Sync="TRUE">Sequential unique whole numbers that are automatically generated.</udom></attrdomv></attr><attr><attrlabl Sync="TRUE">Shape</attrlabl><attalias Sync="TRUE">Shape</attalias><attrtype Sync="TRUE">Geometry</attrtype><attwidth Sync="TRUE">0</attwidth><atprecis Sync="TRUE">0</atprecis><attscale Sync="TRUE">0</attscale><attrdef Sync="TRUE">Feature geometry.</attrdef><attrdefs Sync="TRUE">Esri</attrdefs><attrdomv><udom Sync="TRUE">Coordinates defining the features.</udom></attrdomv></attr><attr><attrlabl Sync="TRUE">Country</attrlabl><attalias Sync="TRUE">Country</attalias><attrtype Sync="TRUE">String</attrtype><attwidth Sync="TRUE">50</attwidth><atprecis Sync="TRUE">0</atprecis><attscale Sync="TRUE">0</attscale></attr><attr><attrlabl Sync="TRUE">Cons_name</attrlabl><attalias Sync="TRUE">Cons_name</attalias><attrtype Sync="TRUE">String</attrtype><attwidth Sync="TRUE">50</attwidth><atprecis Sync="TRUE">0</atprecis><attscale Sync="TRUE">0</attscale></attr><attr><attrlabl Sync="TRUE">ISO</attrlabl><attalias Sync="TRUE">ISO</attalias><attrtype Sync="TRUE">String</attrtype><attwidth Sync="TRUE">3</attwidth><atprecis Sync="TRUE">0</atprecis><attscale Sync="TRUE">0</attscale></attr></detailed></eainfo><mdDateSt Sync="TRUE">20210808</mdDateSt></metadata>
