<?xml version="1.0" encoding="UTF-8"?>
<metadata xml:lang="en"><Esri><CreaDate>20171005</CreaDate><CreaTime>14481200</CreaTime><ArcGISFormat>1.0</ArcGISFormat><SyncOnce>TRUE</SyncOnce><DataProperties><lineage><Process ToolSource="C:\Program Files\ArcGIS\Desktop10.0\ArcToolbox\Toolboxes\Data Management Tools.tbx\CalculateField" Date="20140210" Time="215327" Name="" export="">CalculateField Balaka_Constituency_Boundary LABEL [TA_NAME] VB #</Process><Process ToolSource="C:\Program Files\ArcGIS\Desktop10.0\ArcToolbox\Toolboxes\Data Management Tools.tbx\CalculateField" Date="20140614" Time="193853" Name="" export="">CalculateField Malawi_2014_Const LABEL [TA_NAME] VB #</Process><Process ToolSource="C:\Program Files\ArcGIS\Desktop10.0\ArcToolbox\Toolboxes\Data Management Tools.tbx\CalculateField" Date="20140615" Time="102913">CalculateField Malawi_2014_Const SEX "M" VB #</Process><Process ToolSource="C:\Program Files\ArcGIS\Desktop10.0\ArcToolbox\Toolboxes\Data Management Tools.tbx\CalculateField" Date="20140615" Time="103032">CalculateField Malawi_2014_Const SEX "M" VB #</Process><Process ToolSource="C:\Program Files\ArcGIS\Desktop10.0\ArcToolbox\Toolboxes\Data Management Tools.tbx\CalculateField" Date="20140615" Time="103100">CalculateField Malawi_2014_Const WINNER "MCP" VB #</Process><Process ToolSource="C:\Program Files\ArcGIS\Desktop10.0\ArcToolbox\Toolboxes\Data Management Tools.tbx\CalculateField" Date="20140615" Time="103156">CalculateField Malawi_2014_Const WINNER "DPP" VB #</Process><Process ToolSource="C:\Program Files\ArcGIS\Desktop10.0\ArcToolbox\Toolboxes\Data Management Tools.tbx\CalculateField" Date="20140615" Time="103209">CalculateField Malawi_2014_Const SEX "M" VB #</Process><Process ToolSource="C:\Program Files\ArcGIS\Desktop10.0\ArcToolbox\Toolboxes\Data Management Tools.tbx\CalculateField" Date="20140615" Time="103425">CalculateField Malawi_2014_Const SEX "M" VB #</Process><Process ToolSource="C:\Program Files\ArcGIS\Desktop10.0\ArcToolbox\Toolboxes\Data Management Tools.tbx\CalculateField" Date="20140615" Time="103512">CalculateField Malawi_2014_Const SEX "M" VB #</Process><Process ToolSource="C:\Program Files\ArcGIS\Desktop10.0\ArcToolbox\Toolboxes\Data Management Tools.tbx\CalculateField" Date="20140615" Time="103722">CalculateField Malawi_2014_Const SEX "M" VB #</Process><Process ToolSource="C:\Program Files\ArcGIS\Desktop10.0\ArcToolbox\Toolboxes\Data Management Tools.tbx\CalculateField" Date="20140615" Time="103735">CalculateField Malawi_2014_Const WINNER "UDF" VB #</Process><Process ToolSource="C:\Program Files\ArcGIS\Desktop10.0\ArcToolbox\Toolboxes\Data Management Tools.tbx\CalculateField" Date="20140615" Time="104148">CalculateField Malawi_2014_Const SEX "M" VB #</Process><Process ToolSource="C:\Program Files\ArcGIS\Desktop10.0\ArcToolbox\Toolboxes\Data Management Tools.tbx\CalculateField" Date="20140615" Time="104338">CalculateField Malawi_2014_Const SEX "M" VB #</Process><Process ToolSource="C:\Program Files\ArcGIS\Desktop10.0\ArcToolbox\Toolboxes\Data Management Tools.tbx\CalculateField" Date="20140615" Time="110634">CalculateField Malawi_2014_Const WINNER "DPP" VB #</Process><Process ToolSource="C:\Program Files\ArcGIS\Desktop10.0\ArcToolbox\Toolboxes\Data Management Tools.tbx\CalculateField" Date="20140615" Time="110713">CalculateField Malawi_2014_Const SEX "M" VB #</Process><Process ToolSource="C:\Program Files\ArcGIS\Desktop10.0\ArcToolbox\Toolboxes\Data Management Tools.tbx\CalculateField" Date="20140615" Time="110851">CalculateField Malawi_2014_Const SEX "M" VB #</Process><Process ToolSource="C:\Program Files\ArcGIS\Desktop10.0\ArcToolbox\Toolboxes\Data Management Tools.tbx\CalculateField" Date="20140615" Time="110916">CalculateField Malawi_2014_Const WINNER "DPP" VB #</Process><Process ToolSource="C:\Program Files\ArcGIS\Desktop10.0\ArcToolbox\Toolboxes\Data Management Tools.tbx\CalculateField" Date="20140615" Time="111058">CalculateField Malawi_2014_Const WINNER "DPP" VB #</Process><Process ToolSource="C:\Program Files\ArcGIS\Desktop10.0\ArcToolbox\Toolboxes\Data Management Tools.tbx\CalculateField" Date="20140615" Time="111212">CalculateField Malawi_2014_Const SEX "M" VB #</Process><Process ToolSource="C:\Program Files\ArcGIS\Desktop10.0\ArcToolbox\Toolboxes\Data Management Tools.tbx\CalculateField" Date="20140615" Time="111337">CalculateField Malawi_2014_Const SEX "M" VB #</Process><Process ToolSource="C:\Program Files\ArcGIS\Desktop10.0\ArcToolbox\Toolboxes\Data Management Tools.tbx\CalculateField" Date="20140615" Time="111345">CalculateField Malawi_2014_Const WINNER "INDEPENDENT" VB #</Process><Process ToolSource="C:\Program Files\ArcGIS\Desktop10.0\ArcToolbox\Toolboxes\Data Management Tools.tbx\CalculateField" Date="20140615" Time="111553">CalculateField Malawi_2014_Const SEX "M" VB #</Process><Process ToolSource="C:\Program Files\ArcGIS\Desktop10.0\ArcToolbox\Toolboxes\Data Management Tools.tbx\CalculateField" Date="20140615" Time="111626">CalculateField Malawi_2014_Const SEX "M" VB #</Process><Process ToolSource="C:\Program Files\ArcGIS\Desktop10.0\ArcToolbox\Toolboxes\Data Management Tools.tbx\CalculateField" Date="20140615" Time="111638">CalculateField Malawi_2014_Const WINNER "INDEPENDENT" VB #</Process><Process ToolSource="C:\Program Files\ArcGIS\Desktop10.0\ArcToolbox\Toolboxes\Data Management Tools.tbx\CalculateField" Date="20140615" Time="112613">CalculateField Malawi_2014_Const WINNER "INDEPENDENT" VB #</Process><Process ToolSource="c:\program files (x86)\arcgis\desktop10.5\ArcToolbox\Toolboxes\Data Management Tools.tbx\CalculateField" Date="20171005" Time="144509">CalculateField Malawi_2014_Constituencies ISO "MWI" VB #</Process><Process ToolSource="c:\program files (x86)\arcgis\desktop10.5\ArcToolbox\Toolboxes\Data Management Tools.tbx\CalculateField" Date="20171005" Time="144519">CalculateField Malawi_2014_Constituencies Country "Malawi" VB #</Process><Process ToolSource="c:\program files (x86)\arcgis\desktop10.5\ArcToolbox\Toolboxes\Data Management Tools.tbx\CalculateField" Date="20171005" Time="144630">CalculateField Malawi_2014_Constituencies Cons_name [TA_NAME] VB #</Process></lineage></DataProperties><ArcGISProfile>ItemDescription</ArcGISProfile></Esri><dataIdInfo><idCredit>Created By Kingsley Chihamie Manda, - Statistician - National Statistical Office, Zomba, Malawi - on behalf of the Malawi Electoral Commission. April 2014</idCredit><idCitation><resTitle>Malawi 2014 Constituency Boundary</resTitle></idCitation><idAbs>&lt;DIV STYLE="text-align:Left;"&gt;&lt;DIV&gt;&lt;DIV&gt;&lt;P&gt;&lt;SPAN&gt;This layer has the Malawi 2014 Constituency Boundary for Presidential and Paliamentary Elections&lt;/SPAN&gt;&lt;/P&gt;&lt;/DIV&gt;&lt;/DIV&gt;&lt;/DIV&gt;</idAbs></dataIdInfo></metadata>
