<?xml version="1.0" encoding="UTF-8"?>
<metadata xml:lang="en"><Esri><CreaDate>20170612</CreaDate><CreaTime>11424900</CreaTime><ArcGISFormat>1.0</ArcGISFormat><SyncOnce>TRUE</SyncOnce><DataProperties><lineage><Process ToolSource="c:\program files (x86)\arcgis\desktop10.4\ArcToolbox\Toolboxes\Data Management Tools.tbx\CalculateField" Date="20170612" Time="114249">CalculateField CapeVerde_Constituencies Country [CTR_N] VB #</Process><Process ToolSource="c:\program files (x86)\arcgis\desktop10.4\ArcToolbox\Toolboxes\Data Management Tools.tbx\CalculateField" Date="20170612" Time="114322">CalculateField CapeVerde_Constituencies Cons_name [CST_N] VB #</Process><Process ToolSource="c:\program files (x86)\arcgis\desktop10.4\ArcToolbox\Toolboxes\Data Management Tools.tbx\CalculateField" Date="20170612" Time="114359">CalculateField CapeVerde_Constituencies ISO CPV VB #</Process><Process ToolSource="c:\program files (x86)\arcgis\desktop10.4\ArcToolbox\Toolboxes\Data Management Tools.tbx\CalculateField" Date="20170612" Time="114417">CalculateField CapeVerde_Constituencies ISO "CPV" VB #</Process></lineage></DataProperties></Esri></metadata>
